-- MariaDB dump 10.19  Distrib 10.4.20-MariaDB, for Win64 (AMD64)
--
-- Host: localhost    Database: book_db
-- ------------------------------------------------------
-- Server version	10.4.20-MariaDB

/*!40101 SET @OLD_CHARACTER_SET_CLIENT=@@CHARACTER_SET_CLIENT */;
/*!40101 SET @OLD_CHARACTER_SET_RESULTS=@@CHARACTER_SET_RESULTS */;
/*!40101 SET @OLD_COLLATION_CONNECTION=@@COLLATION_CONNECTION */;
/*!40101 SET NAMES utf8mb4 */;
/*!40103 SET @OLD_TIME_ZONE=@@TIME_ZONE */;
/*!40103 SET TIME_ZONE='+00:00' */;
/*!40014 SET @OLD_UNIQUE_CHECKS=@@UNIQUE_CHECKS, UNIQUE_CHECKS=0 */;
/*!40014 SET @OLD_FOREIGN_KEY_CHECKS=@@FOREIGN_KEY_CHECKS, FOREIGN_KEY_CHECKS=0 */;
/*!40101 SET @OLD_SQL_MODE=@@SQL_MODE, SQL_MODE='NO_AUTO_VALUE_ON_ZERO' */;
/*!40111 SET @OLD_SQL_NOTES=@@SQL_NOTES, SQL_NOTES=0 */;

--
-- Current Database: `book_db`
--

CREATE DATABASE /*!32312 IF NOT EXISTS*/ `book_db` /*!40100 DEFAULT CHARACTER SET utf8mb4 */;

USE `book_db`;

--
-- Table structure for table `book`
--

DROP TABLE IF EXISTS `book`;
/*!40101 SET @saved_cs_client     = @@character_set_client */;
/*!40101 SET character_set_client = utf8 */;
CREATE TABLE `book` (
  `id` int(11) NOT NULL AUTO_INCREMENT,
  `title` varchar(60) NOT NULL,
  `author` varchar(20) NOT NULL,
  `pub_date` date NOT NULL,
  `gen_id` char(2) DEFAULT NULL,
  PRIMARY KEY (`id`)
) ENGINE=InnoDB AUTO_INCREMENT=5 DEFAULT CHARSET=utf8mb4;
/*!40101 SET character_set_client = @saved_cs_client */;

--
-- Dumping data for table `book`
--

LOCK TABLES `book` WRITE;
/*!40000 ALTER TABLE `book` DISABLE KEYS */;
INSERT INTO `book` VALUES (1,'ã‚ˆãã‚ã‹ã‚‹çµŒæ¸ˆ','å±±ç”°å¥ä»‹','2010-11-03','01'),(2,'æ—¥æœ¬æ–‡å­¦å‚‘ä½œé¸','å¤§åŸæ´‹å­','1998-03-05','02'),(3,'æ—¥æœ¬çµŒæ¸ˆå²','å®®æœ¬è‰¯å¤ª','2016-07-20','01'),(4,'HTML&CSSã¨Webãƒ‡ã‚¶ã‚¤ãƒ³å…¥é–€è¬›åº§','Mana','2019-03-16','03');
/*!40000 ALTER TABLE `book` ENABLE KEYS */;
UNLOCK TABLES;

--
-- Table structure for table `genre`
--

DROP TABLE IF EXISTS `genre`;
/*!40101 SET @saved_cs_client     = @@character_set_client */;
/*!40101 SET character_set_client = utf8 */;
CREATE TABLE `genre` (
  `code` char(2) NOT NULL,
  `name` varchar(30) NOT NULL,
  PRIMARY KEY (`code`)
) ENGINE=InnoDB DEFAULT CHARSET=utf8mb4;
/*!40101 SET character_set_client = @saved_cs_client */;

--
-- Dumping data for table `genre`
--

LOCK TABLES `genre` WRITE;
/*!40000 ALTER TABLE `genre` DISABLE KEYS */;
INSERT INTO `genre` VALUES ('01','çµŒæ¸ˆ'),('02','æ–‡å­¦'),('03','ã‚³ãƒ³ãƒ”ãƒ¥ãƒ¼ã‚¿');
/*!40000 ALTER TABLE `genre` ENABLE KEYS */;
UNLOCK TABLES;

--
-- Current Database: `sample`
--

CREATE DATABASE /*!32312 IF NOT EXISTS*/ `sample` /*!40100 DEFAULT CHARACTER SET utf8mb4 */;

USE `sample`;

--
-- Table structure for table `dept`
--

DROP TABLE IF EXISTS `dept`;
/*!40101 SET @saved_cs_client     = @@character_set_client */;
/*!40101 SET character_set_client = utf8 */;
CREATE TABLE `dept` (
  `id` char(3) NOT NULL,
  `name` varchar(20) NOT NULL,
  PRIMARY KEY (`id`)
) ENGINE=InnoDB DEFAULT CHARSET=utf8mb4;
/*!40101 SET character_set_client = @saved_cs_client */;

--
-- Dumping data for table `dept`
--

LOCK TABLES `dept` WRITE;
/*!40000 ALTER TABLE `dept` DISABLE KEYS */;
INSERT INTO `dept` VALUES ('001','ç·å‹™éƒ¨'),('002','å–¶æ¥­éƒ¨'),('003','çµŒç†éƒ¨'),('004','é–‹ç™ºéƒ¨');
/*!40000 ALTER TABLE `dept` ENABLE KEYS */;
UNLOCK TABLES;

--
-- Table structure for table `emp`
--

DROP TABLE IF EXISTS `emp`;
/*!40101 SET @saved_cs_client     = @@character_set_client */;
/*!40101 SET character_set_client = utf8 */;
CREATE TABLE `emp` (
  `id` int(11) NOT NULL AUTO_INCREMENT,
  `name` varchar(20) NOT NULL,
  `age` int(11) NOT NULL,
  `birthday` year(4) NOT NULL,
  `dept_id` char(3) DEFAULT NULL,
  PRIMARY KEY (`id`)
) ENGINE=InnoDB AUTO_INCREMENT=6 DEFAULT CHARSET=utf8mb4;
/*!40101 SET character_set_client = @saved_cs_client */;

--
-- Dumping data for table `emp`
--

LOCK TABLES `emp` WRITE;
/*!40000 ALTER TABLE `emp` DISABLE KEYS */;
INSERT INTO `emp` VALUES (1,'è…åŸæ–‡å¤ª',40,1933,'001'),(2,'åƒè‘‰çœŸä¸€',34,1939,'002'),(3,'åŒ—å¤§è·¯æ¬£ä¹Ÿ',30,1943,'003'),(4,'æ¢¶èŠ½è¡£å­',26,1947,'002'),(5,'å±±åŸæ–°ä¼',35,1938,NULL);
/*!40000 ALTER TABLE `emp` ENABLE KEYS */;
UNLOCK TABLES;

--
-- Temporary table structure for view `sample_view`
--

DROP TABLE IF EXISTS `sample_view`;
/*!50001 DROP VIEW IF EXISTS `sample_view`*/;
SET @saved_cs_client     = @@character_set_client;
SET character_set_client = utf8;
/*!50001 CREATE TABLE `sample_view` (
  `ID` tinyint NOT NULL,
  `åå‰` tinyint NOT NULL,
  `å¹´é½¢` tinyint NOT NULL,
  `èª•ç”Ÿå¹´` tinyint NOT NULL,
  `éƒ¨ç½²å` tinyint NOT NULL
) ENGINE=MyISAM */;
SET character_set_client = @saved_cs_client;

--
-- Current Database: `sample2`
--

CREATE DATABASE /*!32312 IF NOT EXISTS*/ `sample2` /*!40100 DEFAULT CHARACTER SET utf8mb4 */;

USE `sample2`;

--
-- Table structure for table `data`
--

DROP TABLE IF EXISTS `data`;
/*!40101 SET @saved_cs_client     = @@character_set_client */;
/*!40101 SET character_set_client = utf8 */;
CREATE TABLE `data` (
  `code` int(11) NOT NULL,
  `name` varchar(20) DEFAULT NULL,
  `amount` int(11) DEFAULT NULL,
  `is_exist` tinyint(1) DEFAULT NULL,
  PRIMARY KEY (`code`)
) ENGINE=InnoDB DEFAULT CHARSET=utf8mb4;
/*!40101 SET character_set_client = @saved_cs_client */;

--
-- Dumping data for table `data`
--

LOCK TABLES `data` WRITE;
/*!40000 ALTER TABLE `data` DISABLE KEYS */;
INSERT INTO `data` VALUES (1,'pencil',20,1),(2,'notebook',12,1),(3,'eraser',5,0);
/*!40000 ALTER TABLE `data` ENABLE KEYS */;
UNLOCK TABLES;

--
-- Current Database: `student`
--

CREATE DATABASE /*!32312 IF NOT EXISTS*/ `student` /*!40100 DEFAULT CHARACTER SET utf8mb4 */;

USE `student`;

--
-- Table structure for table `course`
--

DROP TABLE IF EXISTS `course`;
/*!40101 SET @saved_cs_client     = @@character_set_client */;
/*!40101 SET character_set_client = utf8 */;
CREATE TABLE `course` (
  `c_id` int(11) NOT NULL AUTO_INCREMENT,
  `c_name` varchar(20) NOT NULL,
  PRIMARY KEY (`c_id`)
) ENGINE=InnoDB AUTO_INCREMENT=6 DEFAULT CHARSET=utf8mb4;
/*!40101 SET character_set_client = @saved_cs_client */;

--
-- Dumping data for table `course`
--

LOCK TABLES `course` WRITE;
/*!40000 ALTER TABLE `course` DISABLE KEYS */;
INSERT INTO `course` VALUES (1,'HTMLCSS'),(2,'JavaScript'),(3,'PHP'),(4,'Java'),(5,'ã‚µãƒ¼ãƒ–ãƒ¬ãƒƒãƒˆJSP');
/*!40000 ALTER TABLE `course` ENABLE KEYS */;
UNLOCK TABLES;

--
-- Table structure for table `gender`
--

DROP TABLE IF EXISTS `gender`;
/*!40101 SET @saved_cs_client     = @@character_set_client */;
/*!40101 SET character_set_client = utf8 */;
CREATE TABLE `gender` (
  `gid` char(1) NOT NULL,
  `gname` char(1) NOT NULL,
  PRIMARY KEY (`gid`)
) ENGINE=InnoDB DEFAULT CHARSET=utf8mb4;
/*!40101 SET character_set_client = @saved_cs_client */;

--
-- Dumping data for table `gender`
--

LOCK TABLES `gender` WRITE;
/*!40000 ALTER TABLE `gender` DISABLE KEYS */;
INSERT INTO `gender` VALUES ('0','ï¼'),('1','ç”·'),('2','å¥³'),('3','ä»–');
/*!40000 ALTER TABLE `gender` ENABLE KEYS */;
UNLOCK TABLES;

--
-- Table structure for table `person`
--

DROP TABLE IF EXISTS `person`;
/*!40101 SET @saved_cs_client     = @@character_set_client */;
/*!40101 SET character_set_client = utf8 */;
CREATE TABLE `person` (
  `p_id` int(11) NOT NULL AUTO_INCREMENT,
  `name` varchar(20) NOT NULL,
  `gender` char(1) NOT NULL,
  `birthday` date NOT NULL,
  `state` char(2) NOT NULL,
  `c_no` int(11) NOT NULL,
  PRIMARY KEY (`p_id`)
) ENGINE=InnoDB AUTO_INCREMENT=6 DEFAULT CHARSET=utf8mb4;
/*!40101 SET character_set_client = @saved_cs_client */;

--
-- Dumping data for table `person`
--

LOCK TABLES `person` WRITE;
/*!40000 ALTER TABLE `person` DISABLE KEYS */;
INSERT INTO `person` VALUES (1,'æŸ“è°·å°†å¤ª','1','1992-09-03','13',2),(2,'äºŒéšå ‚ãµã¿','2','1994-09-21','47',3),(3,'æ¸¡è¾ºå“²','1','1950-03-11','23',4),(4,'çªªå¡šæ´‹ä»‹','1','1979-05-07','14',1),(5,'å‰é«˜ç”±é‡Œå­','2','1988-07-22','13',4);
/*!40000 ALTER TABLE `person` ENABLE KEYS */;
UNLOCK TABLES;

--
-- Table structure for table `state`
--

DROP TABLE IF EXISTS `state`;
/*!40101 SET @saved_cs_client     = @@character_set_client */;
/*!40101 SET character_set_client = utf8 */;
CREATE TABLE `state` (
  `code` char(2) NOT NULL,
  `name` varchar(10) NOT NULL,
  PRIMARY KEY (`code`)
) ENGINE=InnoDB DEFAULT CHARSET=utf8mb4;
/*!40101 SET character_set_client = @saved_cs_client */;

--
-- Dumping data for table `state`
--

LOCK TABLES `state` WRITE;
/*!40000 ALTER TABLE `state` DISABLE KEYS */;
INSERT INTO `state` VALUES ('01','åŒ—æµ·é“'),('02','é’æ£®çœŒ'),('03','å²©æ‰‹çœŒ'),('04','å®®åŸçœŒ'),('05','ç§‹ç”°çœŒ'),('06','å±±å½¢çœŒ'),('07','ç¦å³¶çœŒ'),('08','èŒ¨åŸçœŒ'),('09','æ ƒæœ¨çœŒ'),('10','ç¾¤é¦¬çœŒ'),('11','åŸ¼ç‰çœŒ'),('12','åƒè‘‰çœŒ'),('13','æ±äº¬éƒ½'),('14','ç¥å¥ˆå·çœŒ'),('15','æ–°æ½ŸçœŒ'),('16','å¯Œå±±çœŒ'),('17','çŸ³å·çœŒ'),('18','ç¦äº•çœŒ'),('19','å±±æ¢¨çœŒ'),('20','é•·é‡çœŒ'),('21','å²é˜œçœŒ'),('22','é™å²¡çœŒ'),('23','æ„›çŸ¥çœŒ'),('24','ä¸‰é‡çœŒ'),('25','æ»‹è³€çœŒ'),('26','äº¬éƒ½åºœ'),('27','å¤§é˜ªåºœ'),('28','å…µåº«çœŒ'),('29','å¥ˆè‰¯çœŒ'),('30','å’Œæ­Œå±±çœŒ'),('31','é³¥å–çœŒ'),('32','å³¶æ ¹çœŒ'),('33','å²¡å±±çœŒ'),('34','åºƒå³¶çœŒ'),('35','å±±å£çœŒ'),('36','å¾³å³¶çœŒ'),('37','é¦™å·çœŒ'),('38','æ„›åª›çœŒ'),('39','é«˜çŸ¥çœŒ'),('40','ç¦å²¡çœŒ'),('41','ä½è³€çœŒ'),('42','é•·å´çœŒ'),('43','ç†Šæœ¬çœŒ'),('44','å¤§åˆ†çœŒ'),('45','å®®å´çœŒ'),('46','é¹¿å…å³¶çœŒ'),('47','æ²–ç¸„çœŒ');
/*!40000 ALTER TABLE `state` ENABLE KEYS */;
UNLOCK TABLES;

--
-- Temporary table structure for view `student_view`
--

DROP TABLE IF EXISTS `student_view`;
/*!50001 DROP VIEW IF EXISTS `student_view`*/;
SET @saved_cs_client     = @@character_set_client;
SET character_set_client = utf8;
/*!50001 CREATE TABLE `student_view` (
  `ID` tinyint NOT NULL,
  `åå‰` tinyint NOT NULL,
  `æ€§åˆ¥` tinyint NOT NULL,
  `ç”Ÿå¹´æœˆæ—¥` tinyint NOT NULL,
  `å‡ºèº«åœ°` tinyint NOT NULL,
  `ã‚³ãƒ¼ã‚¹å` tinyint NOT NULL
) ENGINE=MyISAM */;
SET character_set_client = @saved_cs_client;

--
-- Current Database: `book_db`
--

USE `book_db`;

--
-- Current Database: `sample`
--

USE `sample`;

--
-- Final view structure for view `sample_view`
--

/*!50001 DROP TABLE IF EXISTS `sample_view`*/;
/*!50001 DROP VIEW IF EXISTS `sample_view`*/;
/*!50001 SET @saved_cs_client          = @@character_set_client */;
/*!50001 SET @saved_cs_results         = @@character_set_results */;
/*!50001 SET @saved_col_connection     = @@collation_connection */;
/*!50001 SET character_set_client      = cp932 */;
/*!50001 SET character_set_results     = cp932 */;
/*!50001 SET collation_connection      = cp932_japanese_ci */;
/*!50001 CREATE ALGORITHM=UNDEFINED */
/*!50013 DEFINER=`sampleuser`@`localhost` SQL SECURITY DEFINER */
/*!50001 VIEW `sample_view` AS select `e`.`id` AS `ID`,`e`.`name` AS `–¼‘O`,`e`.`age` AS `”N—î`,`e`.`birthday` AS `’a¶”N`,`d`.`name` AS `•”–¼` from (`emp` `e` join `dept` `d` on(`e`.`dept_id` = `d`.`id`)) order by `e`.`id` */;
/*!50001 SET character_set_client      = @saved_cs_client */;
/*!50001 SET character_set_results     = @saved_cs_results */;
/*!50001 SET collation_connection      = @saved_col_connection */;

--
-- Current Database: `sample2`
--

USE `sample2`;

--
-- Current Database: `student`
--

USE `student`;

--
-- Final view structure for view `student_view`
--

/*!50001 DROP TABLE IF EXISTS `student_view`*/;
/*!50001 DROP VIEW IF EXISTS `student_view`*/;
/*!50001 SET @saved_cs_client          = @@character_set_client */;
/*!50001 SET @saved_cs_results         = @@character_set_results */;
/*!50001 SET @saved_col_connection     = @@collation_connection */;
/*!50001 SET character_set_client      = cp932 */;
/*!50001 SET character_set_results     = cp932 */;
/*!50001 SET collation_connection      = cp932_japanese_ci */;
/*!50001 CREATE ALGORITHM=UNDEFINED */
/*!50013 DEFINER=`st_user`@`localhost` SQL SECURITY DEFINER */
/*!50001 VIEW `student_view` AS select `p`.`p_id` AS `ID`,`p`.`name` AS `–¼‘O`,`g`.`gname` AS `«•Ê`,`p`.`birthday` AS `¶”NŒ“ú`,`s`.`name` AS `og’n`,`c`.`c_name` AS `ƒR[ƒX–¼` from (((`person` `p` join `gender` `g` on(`p`.`gender` = `g`.`gid`)) join `course` `c` on(`p`.`c_no` = `c`.`c_id`)) join `state` `s` on(`p`.`state` = `s`.`code`)) */;
/*!50001 SET character_set_client      = @saved_cs_client */;
/*!50001 SET character_set_results     = @saved_cs_results */;
/*!50001 SET collation_connection      = @saved_col_connection */;
/*!40103 SET TIME_ZONE=@OLD_TIME_ZONE */;

/*!40101 SET SQL_MODE=@OLD_SQL_MODE */;
/*!40014 SET FOREIGN_KEY_CHECKS=@OLD_FOREIGN_KEY_CHECKS */;
/*!40014 SET UNIQUE_CHECKS=@OLD_UNIQUE_CHECKS */;
/*!40101 SET CHARACTER_SET_CLIENT=@OLD_CHARACTER_SET_CLIENT */;
/*!40101 SET CHARACTER_SET_RESULTS=@OLD_CHARACTER_SET_RESULTS */;
/*!40101 SET COLLATION_CONNECTION=@OLD_COLLATION_CONNECTION */;
/*!40111 SET SQL_NOTES=@OLD_SQL_NOTES */;

-- Dump completed on 2021-10-14 14:35:14
