-- phpMyAdmin SQL Dump
-- version 4.7.0
-- https://www.phpmyadmin.net/
--
-- Host: localhost:3377
-- Generation Time: Feb 22, 2018 at 11:02 AM
-- Server version: 5.6.34-log
-- PHP Version: 7.1.5

SET SQL_MODE = "NO_AUTO_VALUE_ON_ZERO";
SET AUTOCOMMIT = 0;
START TRANSACTION;
SET time_zone = "+00:00";


/*!40101 SET @OLD_CHARACTER_SET_CLIENT=@@CHARACTER_SET_CLIENT */;
/*!40101 SET @OLD_CHARACTER_SET_RESULTS=@@CHARACTER_SET_RESULTS */;
/*!40101 SET @OLD_COLLATION_CONNECTION=@@COLLATION_CONNECTION */;
/*!40101 SET NAMES utf8mb4 */;

--
-- Database: `game_rank`
--
DROP DATABASE IF EXISTS `game_rank`;
CREATE DATABASE `game_rank`;
USE `game_rank`;
-- --------------------------------------------------------

--
-- Table structure for table `mt_maker`
--

CREATE TABLE `mt_maker` (
  `id` int(11) NOT NULL,
  `name` varchar(45) DEFAULT NULL COMMENT 'メーカー名',
  `full_name` varchar(45) DEFAULT NULL COMMENT 'メーカー正式名'
) ENGINE=InnoDB DEFAULT CHARSET=utf8 KEY_BLOCK_SIZE=1;

--
-- Dumping data for table `mt_maker`
--

INSERT INTO `mt_maker` (`id`, `name`, `full_name`) VALUES
(1, 'IEインスティテュート', ''),
(2, 'ハドソン', ''),
(3, 'コナミ', ''),
(4, 'KONAMI', ''),
(5, 'SCE', ''),
(6, 'イマジニア', ''),
(7, 'ロケットカンパニー', ''),
(8, 'エレクトロニック・アーツ・スクウェア', ''),
(9, 'アルゼ', ''),
(10, 'アスキー', ''),
(11, 'エンターブレイン', ''),
(12, 'カプコン', ''),
(13, 'カルチュア・パブリッシャーズ', ''),
(14, 'コーエーテクモゲームス', ''),
(15, 'コーエー', ''),
(16, 'テクモ', ''),
(17, 'コンパイル', ''),
(18, 'ジャレコ', ''),
(19, 'スクウェア', ''),
(20, 'スクウェア・エニックス', ''),
(21, 'エニックス', ''),
(22, 'チュンソフト', ''),
(23, 'タイトー', ''),
(24, 'セガ', ''),
(25, 'サミー', ''),
(26, '任天堂', ''),
(27, 'ポケモン', ''),
(28, 'バンダイナムコゲームス', ''),
(29, 'ナムコ', ''),
(30, 'バンプレスト', ''),
(31, 'バンダイ', ''),
(32, 'ビーピーエス', ''),
(33, 'サクセス', ''),
(34, 'レベルファイブ', ''),
(35, '大都技研', ''),
(36, 'SONY', NULL),
(37, 'コンパイルハート', NULL),
(38, 'セガサミーホールディングス', NULL),
(39, 'ベクター', NULL);

-- --------------------------------------------------------

--
-- Table structure for table `mt_maker_brand`
--

CREATE TABLE `mt_maker_brand` (
  `id` int(11) NOT NULL,
  `name` varchar(255) DEFAULT NULL,
  `full_name` varchar(45) DEFAULT NULL,
  `maker_id` int(11) DEFAULT NULL
) ENGINE=InnoDB DEFAULT CHARSET=utf8;

--
-- Dumping data for table `mt_maker_brand`
--

INSERT INTO `mt_maker_brand` (`id`, `name`, `full_name`, `maker_id`) VALUES
(1, 'IEインスティテュート', '', 1),
(2, 'ハドソン', '', 4),
(3, 'コナミ', '', 4),
(4, 'KONAMI', '', 4),
(5, 'SCE', '', 36),
(6, 'イマジニア', '', 6),
(7, 'ロケットカンパニー', '', 6),
(8, 'エレクトロニック・アーツ・スクウェア', '', 8),
(9, 'アルゼ', '', 11),
(10, 'アスキー', '', 11),
(11, 'エンターブレイン', '', 11),
(12, 'カプコン', '', 12),
(13, 'カルチュア・パブリッシャーズ', '', 13),
(14, 'コーエーテクモゲームス', '', 14),
(15, 'コーエー', '', 14),
(16, 'テクモ', '', 14),
(17, 'コンパイル', '', 37),
(18, 'ジャレコ', '', 18),
(19, 'スクウェア', '', 20),
(20, 'スクウェア・エニックス', '', 20),
(21, 'エニックス', '', 20),
(22, 'チュンソフト', '', 20),
(23, 'タイトー', '', 20),
(24, 'セガ', '', 38),
(25, 'サミー', '', 38),
(26, '任天堂', '', 26),
(27, 'ポケモン', '', 26),
(28, 'バンダイナムコゲームス', '', 28),
(29, 'ナムコ', '', 28),
(30, 'バンプレスト', '', 28),
(31, 'バンダイ', '', 28),
(32, 'ビーピーエス', '', 32),
(33, 'サクセス', '', 39),
(34, 'レベルファイブ', '', 34),
(35, '大都技研', '', 35),
(36, 'SONY', NULL, 36),
(37, 'コンパイルハート', NULL, 37),
(38, 'セガサミーホールディングス', NULL, 38),
(39, 'ベクター', NULL, 39);

-- --------------------------------------------------------

--
-- Table structure for table `mt_models`
--

CREATE TABLE `mt_models` (
  `cd` varchar(10) NOT NULL COMMENT 'ゲーム機種を識別するコード\n本来ならばよりユニークである連番のmodel_idを作るべきだがここでは割愛。',
  `name` varchar(45) NOT NULL COMMENT 'ゲーム機種名',
  `play_type` varchar(45) DEFAULT NULL,
  `maker_brand_id` int(11) NOT NULL
) ENGINE=InnoDB DEFAULT CHARSET=utf8;

--
-- Dumping data for table `mt_models`
--

INSERT INTO `mt_models` (`cd`, `name`, `play_type`, `maker_brand_id`) VALUES
('3DS', 'ニンテンドー3DS', '携帯機', 26),
('DS', 'ニンテンドーDS', '携帯機', 26),
('FC', 'ファミコン', '据置機', 26),
('GB', 'ゲームボーイ', '携帯機', 26),
('GBA', 'ゲームボーイアドバンス', '携帯機', 26),
('GC', 'ゲームキューブ', '据置機', 26),
('MD', 'メガドライブ', '据置機', 24),
('N64', 'ニンテンドー64', '据置機', 26),
('PCE', 'PCエンジン', '据置機', 2),
('PS', 'プレイステーション', '据置機', 5),
('PS2', 'プレステ2', '据置機', 5),
('PS3', 'プレステ3', '据置機', 36),
('PSP', 'プレイステーションポータブル', '携帯機', 36),
('PSVITA', 'プレイステーションViTA', '携帯機', 36),
('SFC', 'スーパーファミコン', '据置機', 26),
('SS', 'セガサターン', '据置機', 24),
('Wii', 'ニンテンドーWii', '据置機', 26),
('WiiU', 'ニンテンドーWiiU', '据置機', 26);

-- --------------------------------------------------------

--
-- Table structure for table `mt_software`
--

CREATE TABLE `mt_software` (
  `id` int(11) NOT NULL,
  `models_cd` varchar(5) NOT NULL,
  `name` varchar(255) DEFAULT NULL,
  `maker_brand_id` int(11) NOT NULL,
  `sale_at` date DEFAULT NULL,
  `product_cd` varchar(45) DEFAULT NULL
) ENGINE=InnoDB DEFAULT CHARSET=utf8;

--
-- Dumping data for table `mt_software`
--

INSERT INTO `mt_software` (`id`, `models_cd`, `name`, `maker_brand_id`, `sale_at`, `product_cd`) VALUES
(1, 'GB', 'ポケットモンスター (赤・緑・青・ピカチュウ)', 26, '1996-02-27', ''),
(2, 'FC', 'スーパーマリオブラザーズ', 26, '1985-09-13', ''),
(3, 'DS', 'Newスーパーマリオブラザーズ', 26, '2006-05-25', ''),
(4, 'GB', 'ポケットモンスター 金 (銀)', 26, '1999-11-21', ''),
(5, 'DS', 'ポケットモンスター ダイヤモンド・パール', 27, '2006-09-28', ''),
(6, 'DS', 'ポケットモンスター ブラック・ホワイト', 27, '2010-09-18', ''),
(7, 'GBA', 'ポケットモンスター ルビー・サファイア', 27, '2002-11-21', ''),
(8, 'DS', 'おいでよ どうぶつの森', 26, '2005-11-23', ''),
(9, 'DS', '川島隆太教授監修 もっと脳を鍛える大人のDSトレーニング', 26, '2005-12-29', ''),
(10, 'PSP', 'モンスターハンターポータブル3rd', 12, '2010-12-01', ''),
(11, 'Wii', 'NewスーパーマリオブラザーズWii', 26, '2009-12-03', ''),
(12, 'DS', 'ドラゴンクエストIX 星空の守り人', 20, '2009-07-11', ''),
(13, 'GB', 'テトリス', 26, '1989-06-14', ''),
(14, 'GB', 'スーパーマリオランド', 26, '1989-04-21', ''),
(15, 'GB', 'ポケットモンスター（赤）', 26, '1996-02-27', ''),
(16, 'PS', 'ドラゴンクエストVII ～エデンの戦士たち～', 21, '2000-08-26', ''),
(17, 'GB', 'ポケットモンスター（緑）', 26, '1996-02-27', ''),
(18, 'PS', 'ファイナルファンタジーVII', 19, '1997-01-31', ''),
(19, 'PSP', 'モンスターハンターポータブル2ndG', 12, '2008-03-27', ''),
(20, 'DS', 'マリオカートDS', 26, '2005-12-08', ''),
(21, 'DS', '川島隆太教授監修 脳を鍛える大人のDSトレーニング', 26, '2005-05-19', ''),
(22, 'DS', 'ポケットモンスター ハートゴールド・ソウルシルバー', 27, '2009-09-12', ''),
(23, 'FC', 'スーパーマリオブラザーズ3', 26, '1988-10-23', ''),
(24, 'SFC', 'スーパーマリオカート', 26, '1992-08-27', ''),
(25, 'FC', 'ドラゴンクエストIII　そして伝説へ・・・', 21, '1988-02-10', ''),
(26, 'Wii', 'Wiiスポーツ', 26, '2006-12-02', ''),
(27, 'PS2', 'ドラゴンクエストVIII 空と海と大地と呪われし姫君', 20, '2004-11-27', ''),
(28, 'GB', 'ポケットモンスター（銀）', 26, '1999-11-21', ''),
(29, 'PS', 'ファイナルファンタジーVIII', 19, '1999-02-11', ''),
(30, 'DS', 'トモダチコレクション', 26, '2009-06-18', ''),
(31, 'Wii', 'Wii Fit', 26, '2007-12-01', ''),
(32, 'Wii', 'マリオカートWii', 26, '2008-04-10', ''),
(33, 'SFC', 'スーパーマリオワールド', 26, '1990-11-21', ''),
(34, 'GB', 'ポケットモンスター（金）', 26, '1999-11-21', ''),
(35, 'PS2', 'ファイナルファンタジーX', 19, '2001-07-19', ''),
(36, 'SFC', 'ドラゴンクエストVI　幻の大地', 21, '1995-12-09', ''),
(37, 'GBA', 'ポケットモンスター ファイアレッド・リーフグリーン', 27, '2004-01-29', ''),
(38, 'GB', 'ポケットモンスター（ピカチュウ）', 26, '1998-09-12', ''),
(39, 'FC', 'ドラゴンクエストIV　導かれし者たち', 21, '1990-02-11', ''),
(40, 'SFC', 'スーパードンキーコング', 26, '1994-11-26', ''),
(41, 'Wii', 'Wii Sports Resort', 26, '2009-06-25', ''),
(42, 'SFC', 'ストリートファイターII', 12, '1992-06-10', ''),
(43, 'Wii', 'はじめてのWii', 26, '2006-12-02', ''),
(44, 'PS', 'ファイナルファンタジーIX', 19, '2000-07-07', ''),
(45, 'SFC', 'ドラゴンクエストV　天空の花嫁', 21, '1992-09-27', ''),
(46, 'GB', 'スーパーマリオランド2　6つの金貨', 26, '1992-10-21', ''),
(47, 'DS', 'ポケットモンスター ブラック2・ホワイト2', 27, '2012-06-23', ''),
(48, 'FC', 'スーパーマリオブラザーズ2', 26, '1986-06-03', ''),
(49, 'DS', 'ポケットモンスター プラチナ', 27, '2008-09-13', ''),
(50, 'PS2', 'ファイナルファンタジーXII', 20, '2006-03-16', ''),
(51, 'PS', 'グランツーリスモ', 5, '1997-12-23', ''),
(52, 'SFC', 'ファイナルファンタジーVI', 19, '1994-04-02', ''),
(53, 'FC', 'ゴルフ', 26, '1984-05-01', ''),
(54, 'SFC', 'ファイナルファンタジーV', 19, '1992-12-06', ''),
(55, 'FC', 'ドラゴンクエストII　悪霊の神々', 21, '1987-01-26', ''),
(56, 'PS2', 'ファイナルファンタジーX-2', 19, '2003-03-13', ''),
(57, 'Wii', 'Wii Fit Plus', 26, '2009-10-01', ''),
(58, 'DS', '英語が苦手な大人のDSトレーニング えいご漬け', 26, '2006-01-26', ''),
(59, 'FC', 'ベースボール', 26, '1983-12-07', ''),
(60, 'GB', 'ドラゴンクエストモンスターズ～テリーのワンダーランド～', 21, '1998-09-25', ''),
(61, 'Wii', 'Wii Party', 26, '2010-07-08', ''),
(62, 'N64', 'マリオカート64', 26, '1996-12-14', ''),
(63, 'SFC', 'スーパードンキーコング2 ディクシー＆ディディー', 26, '1995-11-21', ''),
(64, 'GB', '遊☆戯☆王デュエルモンスターズ4 最強決闘者戦記', 3, '2000-12-07', ''),
(65, 'GBA', 'ポケットモンスター エメラルド', 27, '2004-09-16', ''),
(66, 'PS', 'バイオハザード2', 12, '1998-01-29', ''),
(67, 'FC', '麻雀', 26, '1983-08-27', ''),
(68, 'PS', 'みんなのGOLF', 5, '1997-07-17', ''),
(69, 'SFC', 'スーパーマリオコレクション', 26, '1993-07-14', ''),
(70, 'SFC', 'ストリートファイターII　ターボ', 12, '1993-07-11', ''),
(71, 'Wii', '大乱闘スマッシュブラザーズX', 26, '2008-01-31', ''),
(72, 'GB', 'ドクターマリオ', 26, '1990-07-27', ''),
(73, 'DS', 'マリオパーティDS', 26, '2007-11-08', ''),
(74, 'DS', 'nintendogs （ニンテンドッグス） ', 26, '2005-04-21', ''),
(75, 'FC', 'プロ野球ファミリースタジアム', 29, '1986-12-10', ''),
(76, 'SFC', 'クロノ・トリガー', 19, '1995-03-11', ''),
(77, 'GB', 'ポケットモンスター（青）', 26, '1999-10-10', ''),
(78, 'PS', 'ダービースタリオン', 10, '1997-07-17', ''),
(79, 'FC', 'バレーボール', 26, '1986-07-21', ''),
(80, 'N64', 'ニンテンドウオールスター！大乱闘スマッシュブラザーズ', 26, '1999-01-21', ''),
(81, 'N64', 'スーパーマリオ64', 26, '1996-06-23', ''),
(82, 'DS', 'リズム天国ゴールド', 26, '2008-07-31', ''),
(83, 'PS3', 'ファイナルファンタジーXIII', 20, '2009-12-17', ''),
(84, 'PS2', 'グランツーリスモ3 A-spec', 5, '2001-04-28', ''),
(85, 'GB', 'ポケットモンスター クリスタルバージョン', 26, '2000-12-14', ''),
(86, 'FC', 'Tetris', 32, '1988-12-22', ''),
(87, 'PS2', 'ドラゴンクエストV　天空の花嫁', 20, '2004-03-25', ''),
(88, '3DS', 'マリオカート7', 26, '2011-12-01', ''),
(89, 'SFC', 'スーパードンキーコング3 謎のクレミス島', 26, '1996-11-23', ''),
(90, 'SFC', 'スーパーマリオ　ヨッシーアイランド', 26, '1995-08-05', ''),
(91, 'PSP', 'モンスターハンターポータブル2nd', 12, '2007-02-22', ''),
(92, 'GB', '星のカービィ', 26, '1992-04-27', ''),
(93, 'PS', 'グランツーリスモ2', 5, '1999-12-11', ''),
(94, 'SFC', 'すーぱーぷよぷよ', 30, '1993-12-10', ''),
(95, 'FC', 'ゼルダの伝説', 26, '1986-02-21', ''),
(96, 'DS', 'いまさら人には聞けない大人の常識力トレーニングDS', 26, '2006-10-26', ''),
(97, '3DS', 'スーパーマリオ 3Dランド', 26, '2011-11-03', ''),
(98, 'PS2', 'みんなのGOLF4', 5, '2003-11-27', ''),
(99, 'DS', 'やわらかあたま塾', 26, '2005-06-30', ''),
(100, 'FC', 'マリオブラザーズ', 26, '1983-09-09', ''),
(101, 'FC', 'リンクの冒険', 26, '1987-01-14', ''),
(102, 'GB', '遊戯王デュエルモンスターズ', 3, '1998-12-17', ''),
(103, 'GB', 'スーパーマリオランド3　ワリオランド', 26, '1994-01-21', ''),
(104, 'DS', 'ポケモン不思議のダンジョン 時の探検隊・闇の探検隊', 27, '2007-09-13', ''),
(105, 'FC', '燃えろ！！プロ野球', 18, '1987-06-26', ''),
(106, 'FC', 'エキサイトバイク', 26, '1984-11-30', ''),
(107, 'GB', 'ドラゴンクエストモンスターズ2　', 21, '2001-03-09', ''),
(108, 'FC', 'テニス', 26, '1984-01-14', ''),
(109, '3DS', 'モンスターハンター3（トライ）G', 12, '2011-12-10', ''),
(110, 'FC', 'サッカー', 26, '1985-04-09', ''),
(111, 'FC', 'ドクターマリオ', 26, '1990-07-27', ''),
(112, 'FC', 'F1レース', 26, '1984-11-02', ''),
(113, 'GB', '星のカービィ2', 26, '1995-03-21', ''),
(114, 'GC', '大乱闘スマッシュブラザーズDX', 26, '2001-11-21', ''),
(115, 'Wii', 'マリオパーティ8', 26, '2007-07-26', ''),
(116, 'DS', 'ドラゴンクエストモンスターズ ジョーカー', 20, '2006-12-28', ''),
(117, 'FC', 'ドラゴンクエスト', 21, '1986-05-27', ''),
(118, 'FC', '忍者ハットリくん　忍者は修行でござるの巻', 2, '1986-03-05', ''),
(119, 'PS', 'クラッシュ・バンディクー3 ～ブッとび！世界一周～', 5, '1998-12-17', ''),
(120, 'SFC', '聖剣伝説2', 19, '1993-08-06', ''),
(121, 'PS', 'みんなのGOLF2', 5, '1999-07-29', ''),
(122, 'PS', 'パラッパラッパー', 5, '1996-12-06', ''),
(123, 'SFC', 'スーパーマリオRPG', 26, '1996-03-09', ''),
(124, 'N64', 'ゼルダの伝説 時のオカリナ', 26, '1998-11-21', ''),
(125, 'FC', '4人打ち麻雀', 26, '1984-11-02', ''),
(126, 'GB', 'ゲームで発見！！たまごっち', 31, '1997-06-27', ''),
(127, 'GB', 'ゲームで発見！！たまごっち2', 31, '1997-10-17', ''),
(128, 'PS', 'バイオハザード3 LAST ESCAPE', 12, '1999-09-22', ''),
(129, 'SFC', 'ドラゴンボールZ　超武闘伝', 31, '1993-03-20', ''),
(130, 'SFC', 'ファイナルファンタジーIV', 19, '1991-07-19', ''),
(131, 'FC', 'スパルタンX', 26, '1985-06-21', ''),
(132, 'FC', 'プロレス', 26, '1986-10-21', ''),
(133, 'FC', 'ファイナルファンタジーIII', 19, '1990-04-27', ''),
(134, 'PS', '鉄拳3', 29, '1998-03-26', ''),
(135, 'GB', 'ポケモンカードGB', 26, '1998-12-18', ''),
(136, 'PS2', 'みんなのGOLF3', 5, '2001-07-26', ''),
(137, 'DS', 'テトリスDS', 26, '2006-04-27', ''),
(138, 'GBA', 'ファミコンミニ スーパーマリオブラザーズ', 26, '2004-02-14', ''),
(139, 'PS', 'ファイナルファンタジータクティクス', 19, '1997-06-20', ''),
(140, 'N64', 'ポケモンスタジアム', 26, '1998-08-01', ''),
(141, 'PS', '鉄拳2', 29, '1996-03-29', ''),
(142, 'SFC', 'スーパーファミコン ドラゴンクエストIII そして伝説へ・・・', 21, '1996-12-06', ''),
(143, 'PS', 'クラッシュ・バンディクー2 ～コルテックスの逆襲！～', 5, '1997-12-18', ''),
(144, 'DS', 'ドラゴンクエストV 天空の花嫁', 20, '2008-07-17', ''),
(145, 'DS', 'ドラゴンクエストVI 幻の大地', 20, '2010-01-28', ''),
(146, 'FC', 'プロ野球ファミリースタジアム\'87年度版', 29, '1987-12-22', ''),
(147, 'PS2', 'キングダムハーツ', 19, '2002-03-28', ''),
(148, 'SFC', 'ロマンシング　サ・ガ3', 19, '1995-11-11', ''),
(149, 'SS', 'バーチャファイター2', 24, '1995-12-01', ''),
(150, 'SFC', 'スーパーストリートファイターII', 12, '1994-06-25', ''),
(151, 'GB', '役満', 26, '1989-04-21', ''),
(152, 'DS', 'ドラゴンクエストモンスターズ ジョーカー2', 20, '2010-04-28', ''),
(153, 'FC', 'ゼビウス', 29, '1984-11-08', ''),
(154, 'PS', 'Dance Dance Revolution', 3, '1999-04-10', ''),
(155, 'DS', 'スーパーマリオ64DS', 26, '2004-12-02', ''),
(156, 'DS', 'さわるメイドインワリオ', 26, '2004-12-02', ''),
(157, 'FC', 'ゲゲゲの鬼太郎　妖怪大魔境', 31, '1986-04-17', ''),
(158, 'FC', 'ドラゴンボール　神龍の謎', 31, '1986-11-27', ''),
(159, 'GB', 'ドラゴンクエストモンスターズ2 マルタのふしぎな鍵・ルカの旅立ち', 21, '2001-03-09', ''),
(160, 'PS2', '真・三國無双3', 15, '2003-02-27', ''),
(161, 'Wii', '街へいこうよ どうぶつの森', 26, '2008-11-20', ''),
(162, 'DS', '星のカービィ ウルトラスーパーデラックス', 26, '2008-11-06', ''),
(163, 'DS', 'ドラゴンクエストIV 導かれし者たち', 20, '2007-11-22', ''),
(164, 'PS', 'ドラゴンクエストIV　導かれし者たち', 21, '2001-11-22', ''),
(165, 'SFC', 'ダービースタリオンIII', 10, '1995-01-20', ''),
(166, 'SFC', 'ドラゴンボールZ　超武闘伝2', 31, '1993-12-17', ''),
(167, 'PS', 'バイオハザード', 12, '1996-03-22', ''),
(168, 'DS', '星のカービィ 参上！ドロッチェ団', 26, '2006-11-02', ''),
(169, 'PS2', '真・三國無双2', 15, '2001-09-20', ''),
(170, 'SFC', 'ロマンシング　サ・ガ2', 19, '1993-12-10', ''),
(171, 'PS', 'チョコボの不思議なダンジョン', 19, '1997-12-23', ''),
(172, 'PS2', 'グランツーリスモ4', 5, '2004-12-28', ''),
(173, 'PS2', 'ワールドサッカー ウイニングイレブン6', 3, '2002-04-25', ''),
(174, 'PS2', 'ワールドサッカー ウイニングイレブン9', 3, '2005-08-04', ''),
(175, 'SFC', 'ゼルダの伝説　神々のトライフォース', 26, '1991-11-21', ''),
(176, 'FC', 'ドラえもん', 2, '1986-12-12', ''),
(177, 'SFC', 'ドラゴンクエストI・II', 21, '1993-12-18', ''),
(178, 'DS', 'イナズマイレブン2 脅威の侵略者 ファイア／ブリザード', 34, '2009-10-01', ''),
(179, 'N64', 'ポケモンスタジアム金銀', 26, '2000-12-14', ''),
(180, 'PS2', 'キングダムハーツII', 20, '2005-12-22', ''),
(181, 'PS2', 'ワールドサッカー ウイニングイレブン7', 3, '2003-08-07', ''),
(182, 'GB', 'カービィのピンボール', 26, '1993-11-27', ''),
(183, 'PS', 'XI[sai]', 5, '1998-06-18', ''),
(184, 'PS2', 'ワールドサッカー ウイニングイレブン8', 3, '2004-08-05', ''),
(185, 'PSP', 'モンスターハンターポータブル2ndG（PSP the Best）', 12, '2008-10-30', ''),
(186, 'DS', 'たまごっちのプチプチおみせっち', 31, '2005-09-15', ''),
(187, 'DS', 'オシャレ魔女ラブandベリー～DSコレクション～', 24, '2006-11-22', ''),
(188, 'DS', 'ヨッシーアイランドDS', 26, '2007-03-08', ''),
(189, 'PS', 'アークザラッド', 5, '1995-06-30', ''),
(190, 'DS', 'イナズマイレブン3 世界への挑戦!! スパーク／ボンバー', 34, '2010-07-01', ''),
(191, 'DS', 'ファイナルファンタジーIII', 20, '2006-08-24', ''),
(192, 'FC', 'ファミコンジャンプ　英雄列伝', 31, '1989-02-15', ''),
(193, 'FC', 'ロードランナー', 2, '1984-07-20', ''),
(194, 'GB', '魔界塔士サ・ガ', 19, '1989-12-15', ''),
(195, 'GB', '遊戯王デュエルモンスターズII ～闇界決闘記～', 3, '1999-07-08', ''),
(196, 'N64', 'ドンキーコング64', 26, '1999-12-10', ''),
(197, 'N64', 'マリオテニス64', 26, '2000-07-21', ''),
(198, 'PS', 'ダービースタリオン99', 10, '1999-09-30', ''),
(199, 'PS2', '鬼武者', 12, '2001-01-25', ''),
(200, 'PS2', '鬼武者2', 12, '2002-03-07', ''),
(201, 'SFC', 'ダービースタリオン96', 10, '1996-03-15', ''),
(202, 'SFC', '星のカービィ スーパーデラックス', 26, '1996-03-21', ''),
(203, 'FC', 'プロ野球ファミリースタジアム\'88年度版', 29, '1988-12-20', ''),
(204, 'FC', '光神話 パルテナの鏡', 26, '1986-12-19', ''),
(205, 'GB', 'スーパードンキーコングGB', 26, '1995-07-27', ''),
(206, 'PS2', 'ワールドサッカー ウイニングイレブン10', 4, '2006-04-27', ''),
(207, 'Wii', 'モンスターハンター3（トライ）', 12, '2009-08-01', ''),
(208, 'N64', 'マリオパーティ2', 26, '1999-12-17', ''),
(209, 'N64', '星のカービィ64', 26, '2000-03-24', ''),
(210, 'PS', 'ビートマニア', 3, '1998-10-01', ''),
(211, 'PS2', '戦国無双', 15, '2004-02-11', ''),
(212, '3DS', 'Newスーパーマリオブラザーズ2', 26, '2012-07-28', ''),
(213, 'PS', 'アークザラッドII', 5, '1996-11-01', ''),
(214, 'PS', 'サガ フロンティア', 19, '1997-07-11', ''),
(215, 'PS', 'パラサイト・イヴ', 19, '1998-03-29', ''),
(216, 'FC', 'キン肉マン　マッスルタッグマッチ', 31, '1985-11-08', ''),
(217, 'FC', '高橋名人の冒険島', 2, '1986-09-12', ''),
(218, 'PS2', '真・三國無双4', 15, '2005-02-24', ''),
(219, 'FC', 'メトロイド', 26, '1986-08-06', ''),
(220, 'GB', 'ポケモンピンボール', 26, '1999-04-14', ''),
(221, 'PS', '電車でGO！', 23, '1997-12-18', ''),
(222, 'Wii', 'スーパーマリオギャラクシー', 26, '2007-11-01', ''),
(223, 'Wii', 'スーパーマリオギャラクシー2', 26, '2010-05-27', ''),
(224, 'DS', 'しゃべる！DSお料理ナビ', 26, '2006-07-20', ''),
(225, 'PS', 'I.Q ～インテリジェント キューブ', 5, '1997-01-31', ''),
(226, 'PS', 'どこでもいっしょ', 5, '1999-07-22', ''),
(227, 'PS', 'SIMPLE1500シリーズ Vol.1 THE 麻雀', 13, '1998-10-22', ''),
(228, 'PS2', '実戦パチスロ必勝法！北斗の拳', 25, '2004-05-27', ''),
(229, 'PSP', 'ディシディア ファイナルファンタジー', 20, '2008-12-18', ''),
(230, 'DS', 'レイトン教授と不思議な町', 34, '2007-02-15', ''),
(231, 'Wii', 'ドンキーコング リターンズ', 26, '2010-12-09', ''),
(232, 'DS', '見る力を実践で鍛えるDS眼力トレーニング', 26, '2007-05-31', ''),
(233, 'GBA', 'マリオカートアドバンス', 26, '2001-07-21', ''),
(234, 'GBA', 'ロックマン エグゼ4 トーナメント ブルームーン/レッドサン', 12, '2003-12-12', ''),
(235, 'DS', 'レイトン教授と悪魔の箱', 34, '2007-11-29', ''),
(236, 'GBA', 'スーパーマリオアドバンス2', 26, '2001-12-14', ''),
(237, 'Wii', 'スーパーマリオコレクション スペシャルパック', 26, '2010-10-21', ''),
(238, 'DS', 'ゼルダの伝説 夢幻の砂時計', 26, '2007-06-23', ''),
(239, 'GC', 'マリオパーティ4', 26, '2002-11-08', ''),
(240, 'PS', 'ゼノギアス', 19, '1998-02-11', ''),
(241, 'DS', 'わがままファッション ガールズモード', 26, '2008-10-23', ''),
(242, 'GBA', 'スーパーマリオアドバンス', 26, '2001-03-21', ''),
(243, '3DS', 'ドラゴンクエストモンスターズ テリーのワンダーランド3D', 20, '2012-05-31', ''),
(244, 'DS', 'レイトン教授と最後の時間旅行', 34, '2008-11-27', ''),
(245, 'PS', 'Dance Dance Revolution 2nd ReMIX', 3, '1999-08-26', ''),
(246, 'N64', 'ヨッシーストーリー', 26, '1997-12-21', ''),
(247, 'N64', 'マリオパーティ3', 26, '2000-12-07', ''),
(248, 'PS3', 'ファイナルファンタジーXIII-2', 20, '2011-12-15', ''),
(249, 'GBA', '星のカービィ 夢の泉デラックス', 26, '2002-10-25', ''),
(250, 'PS', 'テイルズ オブ デスティニー', 29, '1997-12-23', ''),
(251, 'GC', 'マリオカート ダブルダッシュ！！', 26, '2003-11-07', ''),
(252, 'PS2', 'メタルギアソリッド3 スネークイーター', 3, '2004-12-16', ''),
(253, 'PSP', 'クライシスコア-ファイナルファンタジーVII-', 20, '2007-09-13', ''),
(254, 'PS2', '機動戦士ガンダム 連邦VS.ジオンDX', 31, '2001-12-06', ''),
(255, 'PS3', 'ワンピース 海賊無双', 28, '2012-03-01', ''),
(256, 'PS2', 'メタルギアソリッド2 サンズ・オブ・リバティ', 3, '2001-11-29', ''),
(257, 'GC', 'スーパーマリオサンシャイン', 26, '2002-07-19', ''),
(258, 'DS', 'JUMP ULTIMATE STARS（ジャンプアルティメットスターズ）', 26, '2006-11-23', ''),
(259, 'PS', 'レイジレーサー', 29, '1996-12-03', ''),
(260, 'PSP', 'メタルギア ソリッド ピースウォーカー', 4, '2010-04-29', ''),
(261, 'DS', 'たまごっちのプチプチおみせっち ごひーきに', 28, '2006-07-27', ''),
(262, 'PS2', 'テイルズ オブ デスティニー2', 29, '2002-11-28', ''),
(263, 'DS', 'ポケモン不思議のダンジョン 青の救助隊', 27, '2005-11-17', ''),
(264, 'FC', 'ファイナルファンタジーII', 19, '1988-12-17', ''),
(265, 'PS', 'R4-RIDGE RACER TYPE 4-', 29, '1998-12-03', ''),
(266, 'DS', '英語が苦手な大人のDSトレーニング もっとえいご漬け', 26, '2007-03-29', ''),
(267, 'PS', '実況パワフルプロ野球 \'99開幕版', 3, '1999-07-22', ''),
(268, 'PS', 'ワールドサッカー実況ウイニングイレブン3', 3, '1998-05-28', ''),
(269, 'PS2', 'グランツーリスモ4”プロローグ”版', 5, '2003-12-04', ''),
(270, 'DS', 'マリオ＆ルイージRPG3!!!', 26, '2009-02-11', ''),
(271, 'N64', 'ピカチュウげんきでちゅう', 26, '1998-12-12', ''),
(272, 'PS2', '太鼓の達人 タタコンでドドンがドン', 29, '2002-10-24', ''),
(273, 'GC', 'ゼルダの伝説 風のタクト', 26, '2002-12-13', ''),
(274, 'GB', 'ゲームボーイ ドラゴンクエストI・II', 21, '1999-09-23', ''),
(275, 'PSP', 'キングダムハーツ バース バイ スリープ', 20, '2010-01-09', ''),
(276, 'PS', 'モンスターファーム', 16, '1997-07-24', ''),
(277, 'PS2', '真・三國無双2 猛将伝', 15, '2002-08-29', ''),
(278, 'DS', 'ゼルダの伝説 大地の汽笛', 26, '2009-12-23', ''),
(279, 'PS', 'ワールドサッカー実況ウイニングイレブン4', 3, '1999-09-02', ''),
(280, 'GB', '遊戯王デュエルモンスターズIII　', 3, '2000-07-13', ''),
(281, 'GBA', 'スーパーマリオアドバンス4', 26, '2003-07-11', ''),
(282, 'GBA', 'ポケモン不思議のダンジョン 赤の救助隊', 27, '2005-11-17', ''),
(283, 'PS', 'スーパーロボット大戦α', 30, '2000-05-25', ''),
(284, 'N64', 'ポケモンスタジアム2', 26, '1999-04-30', ''),
(285, 'N64', 'マリオパーティ', 26, '1998-12-18', ''),
(286, 'PS3', 'メタルギアソリッド4 ガンズ・オブ・ザ・パトリオット', 4, '2008-06-12', ''),
(287, 'PS', '聖剣伝説 LEGEND OF MANA', 19, '1999-07-15', ''),
(288, 'GBA', '星のカービィ　鏡の大迷宮', 26, '2004-04-15', ''),
(289, 'PS', 'ぷよぷよ通 決定盤', 17, '1996-11-15', ''),
(290, 'PS', 'スターオーシャン セカンドストーリー', 21, '1998-07-30', ''),
(291, 'GC', 'マリオパーティ5', 26, '2003-11-28', ''),
(292, 'PSP', 'ファイナルファンタジー零式', 20, '2011-10-27', ''),
(293, 'Wii', 'みんなのリズム天国', 26, '2011-07-21', ''),
(294, 'DS', 'めっちゃ！太鼓の達人DS 7つの島の大冒険', 28, '2008-04-24', ''),
(295, 'PS', 'クロノ・クロス', 19, '1999-11-18', ''),
(296, 'PS2', 'ワールドサッカー ウイニングイレブン2008', 4, '2007-11-22', ''),
(297, 'PS', 'DINO CRISIS (ディノ クライシス)', 12, '1999-07-01', ''),
(298, 'PS', 'サガ フロンティア2', 19, '1999-04-01', ''),
(299, 'PS', '桃太郎電鉄7', 2, '1997-12-23', ''),
(300, 'PS', 'メタルギアソリッド', 3, '1998-09-03', ''),
(301, 'PS', 'SDガンダムGGENERATION', 31, '1998-08-06', ''),
(302, 'PS', 'テイルズ オブ エターニア', 29, '2000-11-30', ''),
(303, 'PSP', 'モンスターハンターポータブル', 12, '2005-12-01', ''),
(304, 'PS', 'クラッシュ・バンディクー', 5, '1996-12-06', ''),
(305, 'DS', 'レイトン教授と魔神の笛', 34, '2009-11-26', ''),
(306, 'PS', 'TOBAL No.1', 19, '1996-08-02', ''),
(307, 'Wii', '太鼓の達人Wii', 28, '2008-12-11', ''),
(308, 'DS', 'ポケモンレンジャー バトナージ', 27, '2008-03-20', ''),
(309, 'GC', 'ポケモンコロシアム', 27, '2003-11-21', ''),
(310, 'Wii', 'おどるメイドインワリオ', 26, '2006-12-02', ''),
(311, 'N64', 'ディディーコングレーシング', 26, '1997-11-21', ''),
(312, 'PS2', '無双OROCHI', 15, '2007-03-21', ''),
(313, 'PS', 'BRAVE FENCER 武蔵伝', 19, '1998-07-16', ''),
(314, 'Wii', 'MARIO SPORTS MIX（マリオスポーツミックス）', 26, '2010-11-25', ''),
(315, 'DS', 'ポケモンレンジャー', 27, '2006-03-23', ''),
(316, 'PS2', 'ドラゴンボールZ3', 31, '2005-02-10', ''),
(317, 'GC', 'どうぶつの森＋', 26, '2001-12-14', ''),
(318, 'DS', '太鼓の達人DS タッチでドコドン！', 28, '2007-07-26', ''),
(319, 'PS', 'モンスターファーム2', 16, '1999-02-25', ''),
(320, 'PS2', '機動戦士Zガンダム エゥーゴvs.ティターンズ', 31, '2003-12-04', ''),
(321, 'PS', 'ヴァルキリープロファイル', 21, '1999-12-22', ''),
(322, 'PSP', 'ファンタシースターポータブル', 24, '2008-07-31', ''),
(323, 'Wii', '星のカービィWii', 26, '2011-10-27', ''),
(324, 'PS2', 'スーパーロボット大戦IMPACT', 30, '2002-03-28', ''),
(325, 'PS3', 'テイルズ オブ エクシリア', 28, '2011-09-08', ''),
(326, 'PS2', 'ワールドサッカー ウイニングイレブン6 ', 3, '2002-12-12', ''),
(327, 'DS', 'だれでもアソビ大全', 26, '2005-11-03', ''),
(328, 'GBA', '甲虫王者ムシキング～グレイテストチャンピオンへの道～', 24, '2005-06-23', ''),
(329, 'GBA', 'メイドインワリオ', 26, '2003-03-21', ''),
(330, 'DS', 'ファイナルファンタジーIV', 20, '2007-12-20', ''),
(331, 'DS', '財団法人日本漢字能力検定協会公認 漢検DS', 7, '2006-09-28', ''),
(332, 'PSP', 'GOD EATER（ゴッドイーター）', 28, '2010-02-04', ''),
(333, 'Wii', 'JUST DANCE（ジャストダンス）Wii', 26, '2011-10-13', ''),
(334, 'PS2', 'リッジレーサーV（ファイブ）', 29, '2000-03-04', ''),
(335, 'GB', 'ゲームボーイ ドラゴンクエストIII そして伝説へ・・・', 21, '2000-12-08', ''),
(336, 'PS2', '第3次スーパーロボット大戦α～終焉の銀河へ～', 30, '2005-07-28', ''),
(337, 'N64', 'ゼルダの伝説　ムジュラの仮面', 26, '2000-04-27', ''),
(338, 'PS2', 'ダービースタリオン04', 11, '2004-04-22', ''),
(339, 'PS3', 'グランツーリスモ5', 5, '2010-11-25', ''),
(340, 'SS', 'セガラリー・チャンピオンシップ', 24, '1995-12-29', ''),
(341, 'PS2', 'テイルズ オブ リバース', 29, '2004-12-16', ''),
(342, 'GBA', 'ロックマンエグゼ6 電脳獣グレイガ/電脳獣ファルザー', 12, '2005-11-23', ''),
(343, 'Wii', 'マリオ＆ソニック AT 北京オリンピック', 26, '2007-11-22', ''),
(344, 'DS', '流星のロックマン ペガサス/レオ/ドラゴン', 12, '2006-12-14', ''),
(345, 'GBA', 'ドラゴンクエストモンスターズ キャラバンハート', 21, '2003-03-29', ''),
(346, 'PS', 'チョコボの不思議なダンジョン2', 19, '1998-12-23', ''),
(347, 'PSP', 'ファンタシースターポータブル2', 24, '2009-12-03', ''),
(348, 'DS', 'DS美文字トレーニング', 26, '2008-03-13', ''),
(349, 'PS2', '太鼓の達人 あっぱれ三代目', 29, '2003-10-30', ''),
(350, 'PS', 'ドラゴンクエスト・キャラクターズ トルネコの大冒険2 ', 22, '1999-09-15', ''),
(351, 'PS2', '機動戦士ガンダム めぐりあい宇宙', 31, '2003-09-04', ''),
(352, 'SFC', 'ミニ四駆 シャイニングスコーピオン～レッツ＆ゴー！！～', 10, '1996-12-20', ''),
(353, 'PS2', '龍が如く2', 24, '2006-12-07', ''),
(354, 'DS', '200万人の漢検～とことん漢字脳～', 1, '2006-11-09', ''),
(355, 'PS2', 'モンスターハンター2（ドス）', 12, '2006-02-16', ''),
(356, 'Wii', 'ドラゴンクエストX　目覚めし五つの種族オンライン', 20, '2012-08-02', ''),
(357, 'DS', '二ノ国 漆黒の魔導士', 34, '2010-12-09', ''),
(358, 'PS2', '鬼武者3', 12, '2004-02-26', ''),
(359, 'N64', 'スターフォックス64 (振動パック付き)', 26, '1997-04-27', ''),
(360, 'DS', 'がんばる私の家計ダイアリー', 26, '2007-07-12', ''),
(361, 'PS2', '戦国無双2', 15, '2006-02-24', ''),
(362, '3DS', 'ゼルダの伝説 時のオカリナ3D', 26, '2011-06-16', ''),
(363, 'GB', 'コロコロカービィ', 26, '2000-08-23', ''),
(364, 'PS3', '龍が如く4 伝説を継ぐもの', 24, '2010-03-18', ''),
(365, 'PS2', 'テイルズ オブ ジ アビス', 29, '2005-12-15', ''),
(366, 'PS2', 'Devil May Cry（デビル メイ クライ）', 12, '2001-08-23', ''),
(367, 'PS3', '北斗無双', 14, '2010-03-25', ''),
(368, 'PS2', 'ドラゴンボールZ スパーキング！', 31, '2005-10-06', ''),
(369, 'PS', '実況パワフルプロ野球 \'98開幕版', 3, '1998-07-23', ''),
(370, 'PS', 'テイルズ オブ ファンタジア', 29, '1998-12-23', ''),
(371, 'DS', 'ジャンプスーパースターズ', 26, '2005-08-08', ''),
(372, 'Wii', 'ゼルダの伝説 トワイライトプリンセス', 26, '2006-12-02', ''),
(373, 'PS', 'スーパーロボット大戦α外伝', 30, '2001-03-29', ''),
(374, 'PS', 'From TV animation ONE PIECE グランドバトル！2', 31, '2002-03-20', ''),
(375, 'PS2', 'ドラゴンボールZ', 31, '2003-02-13', ''),
(376, 'PS2', 'バーチャファイター4', 24, '2002-01-31', ''),
(377, '3DS', 'nintendogs＋cats', 26, '2011-02-26', ''),
(378, 'PS', 'ストリートファイターZERO2', 12, '1996-08-09', ''),
(379, 'PS2', 'ラチェット＆クランク', 5, '2002-12-03', ''),
(380, 'PS2', 'SDガンダム Gジェネレーション・ネオ', 31, '2002-11-28', ''),
(381, 'PS', '機動戦士ガンダム　ギレンの野望　ジオンの系譜', 31, '2000-02-10', ''),
(382, 'PS2', 'みんなのテニス', 5, '2006-09-14', ''),
(383, 'PSP', 'モンスターハンターポータブル2ndG（PSP the Best)', 12, '2009-12-24', ''),
(384, 'PS2', 'スターオーシャン3 Till the End of Time', 21, '2003-02-27', ''),
(385, 'PS2', 'サカつく2002 J.LEAGUE プロサッカークラブをつくろう！', 24, '2002-03-07', ''),
(386, 'Wii', 'マリオパーティ9', 26, '2012-04-26', ''),
(387, 'PS2', '真・三國無双3猛将伝', 15, '2003-09-25', ''),
(388, 'DS', 'キングダムハーツ 358/2 Days', 20, '2009-05-30', ''),
(389, 'SS', 'FIGHTERS MEGAMiX', 24, '1996-12-21', ''),
(390, 'DS', 'ドラゴンクエストモンスターズ ジョーカー2 プロフェッショナル', 20, '2011-03-31', ''),
(391, 'PS2', 'ワールドサッカー ウイニングイレブン7 インターナショナル', 3, '2004-02-19', ''),
(392, 'GC', 'マリオパーティ6', 26, '2004-11-18', ''),
(393, 'DS', 'ファイナルファンタジーXIIレヴァナント・ウイング', 20, '2007-04-26', ''),
(394, 'PS2', 'スーパーロボット大戦MX', 30, '2004-05-27', ''),
(395, 'PS3', 'バイオハザード5', 12, '2009-03-05', ''),
(396, 'FC', 'ファイナルファンタジー', 19, '1987-12-18', ''),
(397, 'PSP', 'モンハン日記 ぽかぽかアイルー村', 12, '2010-08-26', ''),
(398, 'GBA', 'スーパーマリオアドバンス3', 26, '2002-09-20', ''),
(399, 'DS', '逆転裁判4', 12, '2007-04-12', ''),
(400, 'SS', 'スーパーロボット大戦F完結編', 30, '1998-04-23', ''),
(401, 'PS', 'バイオハザード ディレクターズカット', 12, '1997-09-25', ''),
(402, 'PS2', 'ダージュ オブ ケルベロス -ファイナルファンタジーVII-', 20, '2006-01-26', ''),
(403, 'PS2', '第2次スーパーロボット大戦α', 30, '2003-03-27', ''),
(404, 'PS2', '大都技研公式パチスロシミュレーター 吉宗', 35, '2004-12-09', ''),
(405, 'PS2', '機動戦士ガンダムSEED DESTINY 連合vs.Z.A.F.T.II PLUS', 28, '2006-12-07', ''),
(406, 'PS3', '龍が如く3', 24, '2009-02-26', ''),
(407, 'SS', 'サクラ大戦2～君、死にたもうことなかれ～', 24, '1998-04-04', ''),
(408, 'PS2', 'J.LEAGUE プロサッカークラブをつくろう！3', 24, '2003-06-05', ''),
(409, 'PS2', 'ドラゴンボールZ2', 31, '2004-02-05', ''),
(410, 'PS', 'エースコンバット2', 29, '1997-05-30', ''),
(411, 'PS2', '桃太郎電鉄X (ばってん) ～九州編もあるばい～', 2, '2001-12-13', ''),
(412, 'PS2', 'ワールドサッカー ウイニングイレブン5', 3, '2001-03-15', ''),
(413, 'PS2', '実況パワフルプロ野球10', 3, '2003-07-17', ''),
(414, 'PS2', 'ドラゴンクエスト・キャラクターズ トルネコの大冒険3', 21, '2002-10-31', ''),
(415, 'PS3', '機動戦士ガンダム エクストリームバーサス', 28, '2011-12-01', ''),
(416, 'PS2', 'スーパーロボット大戦Z', 28, '2008-09-25', ''),
(417, 'PS', 'ストリートファイターZERO3', 12, '1998-12-23', ''),
(418, 'PS', 'SuperLite 1500 シリーズ The Tetris', 33, '2000-07-19', ''),
(419, 'GC', 'ピクミン', 26, '2001-10-26', ''),
(420, 'PS', 'パチスロ アルゼ王国2', 9, '1999-11-25', ''),
(421, 'GBA', 'ロックマン エグゼ3', 12, '2002-12-06', ''),
(422, 'Wii', 'スーパーペーパーマリオ', 26, '2007-04-19', ''),
(423, 'DS', 'マリオバスケ 3on3', 26, '2006-07-27', ''),
(424, 'PS', 'SDガンダムGGENERATION-0', 31, '1999-08-12', ''),
(425, 'PS', 'ビートマニア APPEND 3rd Mix', 3, '1998-12-23', ''),
(426, 'GB', 'とっとこハム太郎2 ハムちゃんず大集合でちゅ', 26, '2001-04-21', ''),
(427, 'DS', '大合奏！バンドブラザーズDX', 26, '2008-06-26', ''),
(428, 'PS', 'フロントミッション セカンド', 19, '1997-09-25', ''),
(429, 'N64', 'ポケモンスナップ', 26, '1999-03-21', ''),
(430, 'DS', 'ポケモンレンジャー 光の軌跡', 27, '2010-03-06', ''),
(431, 'PS', 'SIMPLE1500シリーズ Vol.10 THE ビリヤード', 13, '1999-04-22', ''),
(432, 'PS', '実況パワフルプロ野球 \'97開幕版', 3, '1997-08-28', ''),
(433, 'Wii', 'ドラゴンクエストソード　仮面の女王と鏡の塔', 20, '2007-07-12', ''),
(434, 'DS', 'クロノ・トリガー', 20, '2008-11-20', ''),
(435, 'GB', 'メダロット2 (カブト・クワガタバージョン)', 6, '1999-07-23', ''),
(436, 'GBA', 'ワリオランドアドバンス ～ヨーキのお宝～', 26, '2001-08-21', ''),
(437, 'PS2', '龍が如く（PlayStation2 the Best）', 24, '2006-10-26', ''),
(438, 'Wii', '毛糸のカービィ', 26, '2010-10-14', ''),
(439, 'PS', 'パチスロ アルゼ王国4', 9, '2000-12-14', ''),
(440, 'PS2', '劇空間プロ野球　AT THE END OF THE CENTURY 1999', 19, '2000-09-07', ''),
(441, 'DS', 'とんがりボウシと魔法の365にち', 4, '2008-11-13', ''),
(442, 'PS3', 'ワールドサッカー ウイニングイレブン2012', 4, '2011-10-06', ''),
(443, 'PS', 'アークザラッド (ザ・ベスト)', 5, '1996-07-12', ''),
(444, 'SFC', 'バハムートラグーン', 19, '1996-02-09', ''),
(445, 'GB', 'ドラゴンクエストモンスターズ2 ', 21, '2001-04-12', ''),
(446, 'N64', 'マリオゴルフ64', 26, '1999-06-11', ''),
(447, 'PS3', '真・三國無双6', 14, '2011-03-10', ''),
(448, 'GC', 'ピクミン2', 26, '2004-04-29', ''),
(449, 'PS2', 'ワールドサッカー ウイニングイレブン8 ', 3, '2005-03-24', ''),
(450, 'SS', 'スーパーロボット大戦F', 30, '1997-09-25', ''),
(451, 'GBA', 'まわるメイドインワリオ', 26, '2004-10-14', ''),
(452, 'PS2', '桃太郎電鉄11 ブラックボンビー出現！の巻', 2, '2002-12-05', ''),
(453, 'PSP', 'ディシディア デュオデシム ファイナルファンタジー', 20, '2011-03-03', ''),
(454, 'PS2', '鉄拳TAG TOURNAMENT', 29, '2000-03-30', ''),
(455, 'PS2', 'デビル メイ クライ2', 12, '2003-01-30', ''),
(456, 'PS', 'FIFA ROAD TO WORLD CUP 98', 8, '1998-05-14', ''),
(457, 'DS', 'イナズマイレブン3 世界への挑戦!! ジ・オーガ', 34, '2010-12-16', ''),
(458, 'PS2', 'バイオハザード4', 12, '2005-12-01', ''),
(459, 'PS2', 'ロマンシングサガ－ミンストレルソング－', 20, '2005-04-21', ''),
(460, 'GC', 'マリオパーティ7', 26, '2005-11-10', ''),
(461, 'PS', '遊戯王 真デュエルモンスターズ 封印されし記憶', 3, '1999-12-09', ''),
(462, 'PS', 'From TV animation ONEPIECE グランドバトル！', 31, '2001-03-15', ''),
(463, 'PS3', 'ドラゴンズドグマ', 12, '2012-05-24', ''),
(464, 'DS', 'ポケモン不思議のダンジョン 空の探検隊', 27, '2009-04-18', ''),
(465, 'PS', '新スーパーロボット大戦', 30, '1996-12-27', ''),
(466, 'GBA', 'バトルネットワーク ロックマン エグゼ2', 12, '2001-12-14', ''),
(467, 'PS3', 'ワールドサッカー ウイニングイレブン2011', 4, '2010-10-28', ''),
(468, 'GBA', 'ファイナルファンタジータクティクスアドバンス', 19, '2003-02-14', ''),
(469, 'PS2', 'ゼノサーガエピソードI [力への意志]', 29, '2002-02-28', ''),
(470, 'GBA', 'マリオ＆ルイージRPG', 26, '2003-11-21', ''),
(471, 'PS3', 'ワールドサッカー ウイニングイレブン2010', 4, '2009-11-05', ''),
(472, 'PS2', 'アンリミテッド：サガ', 19, '2002-12-19', ''),
(473, 'PS', 'ファイナルファンタジーVII インターナショナル', 19, '1997-10-02', ''),
(474, 'PS2', 'バイオハザード アウトブレイク', 12, '2003-12-11', ''),
(475, 'PS2', '機動戦士ガンダムSEED 連合VS.Z.A.F.T.', 31, '2005-11-17', ''),
(476, 'PS2', '機動戦士ガンダム 一年戦争', 31, '2005-04-07', ''),
(477, 'PS2', 'スーパーロボット大戦OG オリジナルジェネレーションズ', 30, '2007-06-28', ''),
(478, '3DS', 'イナズマイレブンGO シャイン／ダーク', 34, '2011-12-15', ''),
(479, 'PS2', '実況パワフルプロ野球12', 3, '2005-07-14', ''),
(480, 'DS', '健康応援レシピ1000 DS献立全集', 26, '2006-12-07', ''),
(481, 'SFC', 'ファイアーエムブレム 聖戦の系譜', 26, '1996-05-14', ''),
(482, 'PS2', 'ワールドサッカー ウイニングイレブン5', 3, '2001-12-13', ''),
(483, 'PS2', '大都技研公式パチスロシミュレーター 押忍！番長', 35, '2005-11-02', ''),
(484, 'GC', 'ドンキーコンガ', 26, '2003-12-12', ''),
(485, 'N64', 'マリオストーリー', 26, '2000-08-11', ''),
(486, 'PS', 'ブレス オブ ファイアIII', 12, '1997-09-11', ''),
(487, 'Wii', 'Wii Music', 26, '2008-10-16', ''),
(488, 'PS2', 'ドラゴンボールZ スパーキング！NEO（ネオ）', 28, '2006-10-05', ''),
(489, 'PS2', '実況パワフルプロ野球9', 3, '2002-07-18', ''),
(490, 'GBA', '伝説のスタフィー', 26, '2002-09-06', ''),
(491, 'GC', 'カービィのエアライド', 26, '2003-07-11', ''),
(492, 'PS', 'ワールドスタジアム2', 29, '1998-04-29', ''),
(493, '3DS', 'ファイアーエムブレム 覚醒', 26, '2012-04-19', ''),
(494, 'PS', 'ソウルエッジ', 29, '1996-12-20', ''),
(495, 'Wii', '太鼓の達人Wii ドドーンと2代目！', 28, '2009-11-19', ''),
(496, 'DS', 'マリオ＆ルイージRPG2', 26, '2005-12-29', ''),
(497, 'PSP', '機動戦士ガンダム ガンダムVS.ガンダム', 28, '2008-11-20', ''),
(498, 'PS', '桃太郎電鉄V (ブイ)', 2, '1999-12-16', ''),
(499, 'GBA', 'ロックマン エグゼ5 チーム オブ ブルース', 12, '2004-12-09', ''),
(500, 'PS', 'ワイルドアームズ', 5, '1996-12-20', '');

-- --------------------------------------------------------

--
-- Table structure for table `tt_software_sales`
--

CREATE TABLE `tt_software_sales` (
  `software_id` int(11) NOT NULL,
  `sales_num` int(11) DEFAULT NULL
) ENGINE=InnoDB DEFAULT CHARSET=utf8;

--
-- Dumping data for table `tt_software_sales`
--

INSERT INTO `tt_software_sales` (`software_id`, `sales_num`) VALUES
(1, 10077166),
(2, 6810000),
(3, 6342757),
(4, 6088144),
(5, 5830000),
(6, 5456209),
(7, 5400000),
(8, 5250000),
(9, 5090000),
(10, 4700000),
(11, 4444716),
(12, 4300000),
(13, 4240000),
(14, 4190000),
(15, 4180000),
(16, 4140000),
(17, 4040000),
(18, 4000000),
(19, 4000000),
(20, 3951714),
(21, 3950000),
(22, 3889104),
(23, 3840000),
(24, 3820000),
(25, 3770000),
(26, 3770000),
(27, 3700000),
(28, 3640000),
(29, 3640000),
(30, 3634606),
(31, 3600000),
(32, 3550714),
(33, 3550000),
(34, 3530000),
(35, 3200000),
(36, 3190000),
(37, 3180000),
(38, 3160000),
(39, 3040000),
(40, 3000000),
(41, 2985612),
(42, 2900000),
(43, 2900000),
(44, 2790000),
(45, 2790000),
(46, 2700000),
(47, 2692626),
(48, 2650000),
(49, 2600000),
(50, 2600000),
(51, 2550000),
(52, 2550000),
(53, 2460000),
(54, 2450000),
(55, 2410000),
(56, 2410000),
(57, 2377087),
(58, 2350000),
(59, 2350000),
(60, 2350000),
(61, 2325923),
(62, 2240000),
(63, 2210000),
(64, 2202027),
(65, 2189078),
(66, 2154974),
(67, 2130000),
(68, 2130000),
(69, 2120000),
(70, 2100000),
(71, 2090000),
(72, 2080000),
(73, 2070000),
(74, 2050000),
(75, 2050000),
(76, 2030000),
(77, 2010000),
(78, 2000000),
(79, 1980000),
(80, 1970000),
(81, 1920000),
(82, 1910000),
(83, 1904313),
(84, 1890000),
(85, 1845630),
(86, 1810000),
(87, 1800000),
(88, 1795180),
(89, 1770000),
(90, 1770000),
(91, 1720397),
(92, 1720000),
(93, 1710000),
(94, 1700000),
(95, 1690000),
(96, 1680000),
(97, 1679872),
(98, 1660000),
(99, 1640000),
(100, 1630000),
(101, 1610000),
(102, 1610000),
(103, 1590000),
(104, 1580000),
(105, 1580000),
(106, 1570000),
(107, 1570000),
(108, 1560000),
(109, 1541209),
(110, 1530000),
(111, 1530000),
(112, 1520000),
(113, 1510000),
(114, 1510000),
(115, 1510000),
(116, 1500000),
(117, 1500000),
(118, 1500000),
(119, 1500000),
(120, 1500000),
(121, 1490000),
(122, 1480000),
(123, 1470000),
(124, 1460000),
(125, 1450000),
(126, 1450000),
(127, 1450000),
(128, 1450000),
(129, 1450000),
(130, 1430000),
(131, 1420000),
(132, 1420000),
(133, 1400000),
(134, 1400000),
(135, 1390000),
(136, 1390000),
(137, 1380000),
(138, 1380000),
(139, 1380000),
(140, 1370000),
(141, 1370000),
(142, 1360000),
(143, 1330000),
(144, 1300000),
(145, 1300000),
(146, 1300000),
(147, 1300000),
(148, 1300000),
(149, 1300000),
(150, 1290000),
(151, 1280000),
(152, 1276303),
(153, 1270000),
(154, 1270000),
(155, 1260000),
(156, 1250000),
(157, 1250000),
(158, 1250000),
(159, 1241773),
(160, 1240000),
(161, 1230000),
(162, 1220000),
(163, 1214610),
(164, 1210000),
(165, 1200000),
(166, 1200000),
(167, 1194773),
(168, 1170000),
(169, 1170000),
(170, 1170000),
(171, 1165798),
(172, 1160000),
(173, 1160000),
(174, 1160000),
(175, 1160000),
(176, 1150000),
(177, 1150000),
(178, 1145388),
(179, 1140000),
(180, 1140000),
(181, 1130000),
(182, 1120000),
(183, 1120000),
(184, 1120000),
(185, 1110614),
(186, 1110046),
(187, 1110000),
(188, 1110000),
(189, 1110000),
(190, 1100000),
(191, 1100000),
(192, 1100000),
(193, 1100000),
(194, 1100000),
(195, 1100000),
(196, 1100000),
(197, 1100000),
(198, 1100000),
(199, 1100000),
(200, 1100000),
(201, 1100000),
(202, 1100000),
(203, 1090000),
(204, 1090000),
(205, 1080000),
(206, 1080000),
(207, 1070743),
(208, 1070000),
(209, 1070000),
(210, 1070000),
(211, 1070000),
(212, 1068878),
(213, 1060000),
(214, 1060000),
(215, 1060000),
(216, 1050000),
(217, 1050000),
(218, 1050000),
(219, 1040000),
(220, 1020000),
(221, 1020000),
(222, 1020000),
(223, 1020000),
(224, 1010000),
(225, 1010000),
(226, 1010000),
(227, 1000000),
(228, 1000000),
(229, 1000000),
(230, 968033),
(231, 952018),
(232, 945791),
(233, 938175),
(234, 928850),
(235, 928089),
(236, 919234),
(237, 916410),
(238, 902386),
(239, 902348),
(240, 891675),
(241, 891076),
(242, 875821),
(243, 874925),
(244, 862967),
(245, 862868),
(246, 852864),
(247, 846363),
(248, 840670),
(249, 832901),
(250, 829618),
(251, 825894),
(252, 819807),
(253, 809825),
(254, 807699),
(255, 806578),
(256, 798185),
(257, 789989),
(258, 789445),
(259, 789033),
(260, 780969),
(261, 780711),
(262, 762861),
(263, 761617),
(264, 760000),
(265, 759525),
(266, 753107),
(267, 751865),
(268, 750878),
(269, 747692),
(270, 745701),
(271, 744870),
(272, 743334),
(273, 742609),
(274, 739653),
(275, 733248),
(276, 729069),
(277, 727488),
(278, 725904),
(279, 721734),
(280, 718429),
(281, 718207),
(282, 715054),
(283, 714789),
(284, 710762),
(285, 706663),
(286, 706461),
(287, 706340),
(288, 704295),
(289, 701759),
(290, 700548),
(291, 697462),
(292, 696428),
(293, 691997),
(294, 691510),
(295, 688616),
(296, 680152),
(297, 676701),
(298, 675249),
(299, 674880),
(300, 674589),
(301, 669369),
(302, 669248),
(303, 668964),
(304, 663972),
(305, 659504),
(306, 657816),
(307, 657666),
(308, 657648),
(309, 656189),
(310, 654200),
(311, 653426),
(312, 649570),
(313, 648801),
(314, 645005),
(315, 643776),
(316, 642424),
(317, 641300),
(318, 640480),
(319, 640245),
(320, 638667),
(321, 634965),
(322, 633954),
(323, 633487),
(324, 632536),
(325, 632151),
(326, 630793),
(327, 630777),
(328, 629902),
(329, 622898),
(330, 622475),
(331, 621885),
(332, 617828),
(333, 614194),
(334, 611507),
(335, 610559),
(336, 602695),
(337, 601542),
(338, 600970),
(339, 598895),
(340, 598368),
(341, 596493),
(342, 595447),
(343, 594157),
(344, 593675),
(345, 593458),
(346, 592730),
(347, 590527),
(348, 579462),
(349, 578993),
(350, 578227),
(351, 577972),
(352, 576803),
(353, 572917),
(354, 571715),
(355, 570651),
(356, 570365),
(357, 569443),
(358, 569275),
(359, 565222),
(360, 563585),
(361, 562320),
(362, 559660),
(363, 558984),
(364, 557771),
(365, 556465),
(366, 554963),
(367, 553229),
(368, 551894),
(369, 550838),
(370, 550393),
(371, 549265),
(372, 546093),
(373, 545832),
(374, 545506),
(375, 543312),
(376, 541973),
(377, 541187),
(378, 538582),
(379, 538029),
(380, 537229),
(381, 536592),
(382, 535826),
(383, 534323),
(384, 533373),
(385, 532060),
(386, 531545),
(387, 531303),
(388, 530250),
(389, 528698),
(390, 528648),
(391, 527375),
(392, 527132),
(393, 524009),
(394, 520701),
(395, 520564),
(396, 520000),
(397, 516000),
(398, 515633),
(399, 515417),
(400, 513782),
(401, 513768),
(402, 513157),
(403, 511517),
(404, 510555),
(405, 509693),
(406, 509223),
(407, 509091),
(408, 507873),
(409, 507245),
(410, 506274),
(411, 506239),
(412, 505694),
(413, 505313),
(414, 504623),
(415, 504040),
(416, 503573),
(417, 503562),
(418, 503058),
(419, 502996),
(420, 500202),
(421, 500001),
(422, 499639),
(423, 498021),
(424, 497963),
(425, 497770),
(426, 497061),
(427, 496930),
(428, 496199),
(429, 495784),
(430, 495493),
(431, 494479),
(432, 488309),
(433, 486222),
(434, 485885),
(435, 485259),
(436, 484591),
(437, 484199),
(438, 483248),
(439, 482820),
(440, 482061),
(441, 480596),
(442, 479473),
(443, 476199),
(444, 474680),
(445, 472616),
(446, 470778),
(447, 470773),
(448, 469063),
(449, 468242),
(450, 464169),
(451, 463938),
(452, 463492),
(453, 461086),
(454, 457339),
(455, 456824),
(456, 455759),
(457, 455558),
(458, 454979),
(459, 454657),
(460, 454261),
(461, 453034),
(462, 450891),
(463, 449008),
(464, 448025),
(465, 447747),
(466, 446938),
(467, 443008),
(468, 441926),
(469, 439775),
(470, 438781),
(471, 438552),
(472, 438413),
(473, 437895),
(474, 437779),
(475, 437482),
(476, 436411),
(477, 435411),
(478, 434758),
(479, 433535),
(480, 431003),
(481, 429763),
(482, 429270),
(483, 427250),
(484, 427096),
(485, 425609),
(486, 425498),
(487, 424192),
(488, 423846),
(489, 423813),
(490, 422536),
(491, 422311),
(492, 422033),
(493, 421705),
(494, 419593),
(495, 418284),
(496, 417391),
(497, 415891),
(498, 415673),
(499, 415630),
(500, 415138);

--
-- Indexes for dumped tables
--

--
-- Indexes for table `mt_maker`
--
ALTER TABLE `mt_maker`
  ADD PRIMARY KEY (`id`);

--
-- Indexes for table `mt_maker_brand`
--
ALTER TABLE `mt_maker_brand`
  ADD PRIMARY KEY (`id`),
  ADD KEY `fk_maker_brand_maker_idx` (`maker_id`);

--
-- Indexes for table `mt_models`
--
ALTER TABLE `mt_models`
  ADD PRIMARY KEY (`cd`,`maker_brand_id`),
  ADD UNIQUE KEY `model_cd_UNIQUE` (`cd`),
  ADD UNIQUE KEY `model_name_UNIQUE` (`name`),
  ADD KEY `fk_models_maker_brand1_idx` (`maker_brand_id`);

--
-- Indexes for table `mt_software`
--
ALTER TABLE `mt_software`
  ADD PRIMARY KEY (`id`),
  ADD KEY `fk_software_maker_brand1_idx` (`maker_brand_id`),
  ADD KEY `fk_software_models1_idx` (`models_cd`);

--
-- Indexes for table `tt_software_sales`
--
ALTER TABLE `tt_software_sales`
  ADD PRIMARY KEY (`software_id`),
  ADD KEY `software_id_idx` (`software_id`);
COMMIT;

/*!40101 SET CHARACTER_SET_CLIENT=@OLD_CHARACTER_SET_CLIENT */;
/*!40101 SET CHARACTER_SET_RESULTS=@OLD_CHARACTER_SET_RESULTS */;
/*!40101 SET COLLATION_CONNECTION=@OLD_COLLATION_CONNECTION */;
